Film_Name,view_year,view_month,Monthly_Views
A Summer Dream,2020,1,0
A Summer Dream,2020,2,0
A Summer Dream,2020,3,0
A Summer Dream,2020,4,0
A Summer Dream,2020,5,0
A Summer Dream,2020,6,0
A Summer Dream,2020,7,0
A Summer Dream,2020,8,0
A Summer Dream,2020,9,0
A Summer Dream,2020,10,0
A Summer Dream,2020,11,0
A Summer Dream,2020,12,0
A Summer Dream,2021,1,65811
A Summer Dream,2021,2,0
A Summer Dream,2021,3,0
A Summer Dream,2021,4,90310
A Summer Dream,2021,5,0
A Summer Dream,2021,6,0
A Summer Dream,2021,7,152733
A Summer Dream,2021,8,0
A Summer Dream,2021,9,0
A Summer Dream,2021,10,0
A Summer Dream,2021,11,0
A Summer Dream,2021,12,0
A Summer Dream,2022,1,0
A Summer Dream,2022,2,0
A Summer Dream,2022,3,0
A Summer Dream,2022,4,117104
A Summer Dream,2022,5,0
A Summer Dream,2022,6,0
A Summer Dream,2022,7,0
A Summer Dream,2022,8,0
A Summer Dream,2022,9,0
A Summer Dream,2022,10,211665
A Summer Dream,2022,11,0
A Summer Dream,2022,12,0
A Summer Dream,2023,1,0
A Summer Dream,2023,2,0
A Summer Dream,2023,3,0
A Summer Dream,2023,4,0
A Summer Dream,2023,5,0
A Summer Dream,2023,6,0
A Summer Dream,2023,7,0
A Summer Dream,2023,8,90616
A Summer Dream,2023,9,0
A Summer Dream,2023,10,0
A Summer Dream,2023,11,0
A Summer Dream,2023,12,0
A Summer Dream,2024,1,0
A Summer Dream,2024,2,0
A Summer Dream,2024,3,0
A Summer Dream,2024,4,0
A Summer Dream,2024,5,132307
A Summer Dream,2024,6,0
A Summer Dream,2024,7,0
A Summer Dream,2024,8,0
A Summer Dream,2024,9,0
A Summer Dream,2024,10,0
A Summer Dream,2024,11,0
A Summer Dream,2024,12,154999
A Summer Dream,2025,1,0
A Summer Dream,2025,2,68602
A Summer Dream,2025,3,64988
A Summer Dream,2025,4,0
A Summer Dream,2025,5,0
A Summer Dream,2025,6,0
A Summer Dream,2025,7,0
A Summer Dream,2025,8,0
A Summer Dream,2025,9,0
A Summer Dream,2025,10,0
A Summer Dream,2025,11,0
A Summer Dream,2025,12,0
Chennai Express,2020,1,0
Chennai Express,2020,2,0
Chennai Express,2020,3,0
Chennai Express,2020,4,0
Chennai Express,2020,5,0
Chennai Express,2020,6,0
Chennai Express,2020,7,0
Chennai Express,2020,8,0
Chennai Express,2020,9,0
Chennai Express,2020,10,0
Chennai Express,2020,11,0
Chennai Express,2020,12,0
Chennai Express,2021,1,0
Chennai Express,2021,2,0
Chennai Express,2021,3,0
Chennai Express,2021,4,0
Chennai Express,2021,5,0
Chennai Express,2021,6,38279
Chennai Express,2021,7,0
Chennai Express,2021,8,0
Chennai Express,2021,9,0
Chennai Express,2021,10,0
Chennai Express,2021,11,0
Chennai Express,2021,12,75599
Chennai Express,2022,1,0
Chennai Express,2022,2,94055
Chennai Express,2022,3,107712
Chennai Express,2022,4,0
Chennai Express,2022,5,114505
Chennai Express,2022,6,0
Chennai Express,2022,7,191231
Chennai Express,2022,8,0
Chennai Express,2022,9,36395
Chennai Express,2022,10,86031
Chennai Express,2022,11,0
Chennai Express,2022,12,162666
Chennai Express,2023,1,0
Chennai Express,2023,2,122754
Chennai Express,2023,3,0
Chennai Express,2023,4,0
Chennai Express,2023,5,0
Chennai Express,2023,6,0
Chennai Express,2023,7,0
Chennai Express,2023,8,83743
Chennai Express,2023,9,96705
Chennai Express,2023,10,0
Chennai Express,2023,11,0
Chennai Express,2023,12,0
Chennai Express,2024,1,0
Chennai Express,2024,2,102808
Chennai Express,2024,3,0
Chennai Express,2024,4,0
Chennai Express,2024,5,0
Chennai Express,2024,6,0
Chennai Express,2024,7,0
Chennai Express,2024,8,132198
Chennai Express,2024,9,0
Chennai Express,2024,10,0
Chennai Express,2024,11,0
Chennai Express,2024,12,0
Chennai Express,2025,1,0
Chennai Express,2025,2,0
Chennai Express,2025,3,0
Chennai Express,2025,4,0
Chennai Express,2025,5,0
Chennai Express,2025,6,85936
Chennai Express,2025,7,0
Chennai Express,2025,8,0
Chennai Express,2025,9,0
Chennai Express,2025,10,0
Chennai Express,2025,11,0
Chennai Express,2025,12,0
Cosmic Drift,2020,1,0
Cosmic Drift,2020,2,0
Cosmic Drift,2020,3,0
Cosmic Drift,2020,4,0
Cosmic Drift,2020,5,0
Cosmic Drift,2020,6,0
Cosmic Drift,2020,7,0
Cosmic Drift,2020,8,56428
Cosmic Drift,2020,9,0
Cosmic Drift,2020,10,0
Cosmic Drift,2020,11,0
Cosmic Drift,2020,12,0
Cosmic Drift,2021,1,0
Cosmic Drift,2021,2,0
Cosmic Drift,2021,3,0
Cosmic Drift,2021,4,0
Cosmic Drift,2021,5,0
Cosmic Drift,2021,6,0
Cosmic Drift,2021,7,0
Cosmic Drift,2021,8,378180
Cosmic Drift,2021,9,0
Cosmic Drift,2021,10,0
Cosmic Drift,2021,11,0
Cosmic Drift,2021,12,0
Cosmic Drift,2022,1,0
Cosmic Drift,2022,2,0
Cosmic Drift,2022,3,0
Cosmic Drift,2022,4,0
Cosmic Drift,2022,5,0
Cosmic Drift,2022,6,75373
Cosmic Drift,2022,7,0
Cosmic Drift,2022,8,0
Cosmic Drift,2022,9,0
Cosmic Drift,2022,10,0
Cosmic Drift,2022,11,0
Cosmic Drift,2022,12,0
Cosmic Drift,2023,1,0
Cosmic Drift,2023,2,0
Cosmic Drift,2023,3,83883
Cosmic Drift,2023,4,0
Cosmic Drift,2023,5,248173
Cosmic Drift,2023,6,0
Cosmic Drift,2023,7,149603
Cosmic Drift,2023,8,0
Cosmic Drift,2023,9,0
Cosmic Drift,2023,10,124296
Cosmic Drift,2023,11,0
Cosmic Drift,2023,12,0
Cosmic Drift,2024,1,0
Cosmic Drift,2024,2,112911
Cosmic Drift,2024,3,0
Cosmic Drift,2024,4,0
Cosmic Drift,2024,5,0
Cosmic Drift,2024,6,0
Cosmic Drift,2024,7,0
Cosmic Drift,2024,8,0
Cosmic Drift,2024,9,0
Cosmic Drift,2024,10,0
Cosmic Drift,2024,11,58567
Cosmic Drift,2024,12,43504
Cosmic Drift,2025,1,73947
Cosmic Drift,2025,2,0
Cosmic Drift,2025,3,0
Cosmic Drift,2025,4,0
Cosmic Drift,2025,5,149242
Cosmic Drift,2025,6,0
Cosmic Drift,2025,7,0
Cosmic Drift,2025,8,0
Cosmic Drift,2025,9,0
Cosmic Drift,2025,10,0
Cosmic Drift,2025,11,0
Cosmic Drift,2025,12,0
Crimson Tide,2020,1,0
Crimson Tide,2020,2,0
Crimson Tide,2020,3,0
Crimson Tide,2020,4,0
Crimson Tide,2020,5,0
Crimson Tide,2020,6,0
Crimson Tide,2020,7,0
Crimson Tide,2020,8,0
Crimson Tide,2020,9,0
Crimson Tide,2020,10,107626
Crimson Tide,2020,11,0
Crimson Tide,2020,12,0
Crimson Tide,2021,1,0
Crimson Tide,2021,2,203753
Crimson Tide,2021,3,0
Crimson Tide,2021,4,0
Crimson Tide,2021,5,0
Crimson Tide,2021,6,0
Crimson Tide,2021,7,0
Crimson Tide,2021,8,0
Crimson Tide,2021,9,0
Crimson Tide,2021,10,0
Crimson Tide,2021,11,0
Crimson Tide,2021,12,0
Crimson Tide,2022,1,0
Crimson Tide,2022,2,0
Crimson Tide,2022,3,0
Crimson Tide,2022,4,0
Crimson Tide,2022,5,0
Crimson Tide,2022,6,0
Crimson Tide,2022,7,0
Crimson Tide,2022,8,0
Crimson Tide,2022,9,0
Crimson Tide,2022,10,0
Crimson Tide,2022,11,77443
Crimson Tide,2022,12,0
Crimson Tide,2023,1,0
Crimson Tide,2023,2,0
Crimson Tide,2023,3,70922
Crimson Tide,2023,4,0
Crimson Tide,2023,5,146570
Crimson Tide,2023,6,0
Crimson Tide,2023,7,0
Crimson Tide,2023,8,0
Crimson Tide,2023,9,0
Crimson Tide,2023,10,0
Crimson Tide,2023,11,0
Crimson Tide,2023,12,0
Crimson Tide,2024,1,0
Crimson Tide,2024,2,0
Crimson Tide,2024,3,0
Crimson Tide,2024,4,0
Crimson Tide,2024,5,0
Crimson Tide,2024,6,0
Crimson Tide,2024,7,0
Crimson Tide,2024,8,0
Crimson Tide,2024,9,0
Crimson Tide,2024,10,0
Crimson Tide,2024,11,0
Crimson Tide,2024,12,99524
Crimson Tide,2025,1,0
Crimson Tide,2025,2,0
Crimson Tide,2025,3,0
Crimson Tide,2025,4,0
Crimson Tide,2025,5,0
Crimson Tide,2025,6,0
Crimson Tide,2025,7,0
Crimson Tide,2025,8,0
Crimson Tide,2025,9,0
Crimson Tide,2025,10,106095
Crimson Tide,2025,11,0
Crimson Tide,2025,12,81407
Desert Trek,2020,1,0
Desert Trek,2020,2,0
Desert Trek,2020,3,0
Desert Trek,2020,4,0
Desert Trek,2020,5,0
Desert Trek,2020,6,0
Desert Trek,2020,7,0
Desert Trek,2020,8,0
Desert Trek,2020,9,0
Desert Trek,2020,10,0
Desert Trek,2020,11,0
Desert Trek,2020,12,0
Desert Trek,2021,1,0
Desert Trek,2021,2,0
Desert Trek,2021,3,0
Desert Trek,2021,4,49954
Desert Trek,2021,5,94718
Desert Trek,2021,6,0
Desert Trek,2021,7,0
Desert Trek,2021,8,0
Desert Trek,2021,9,0
Desert Trek,2021,10,0
Desert Trek,2021,11,0
Desert Trek,2021,12,0
Desert Trek,2022,1,93159
Desert Trek,2022,2,0
Desert Trek,2022,3,0
Desert Trek,2022,4,0
Desert Trek,2022,5,0
Desert Trek,2022,6,0
Desert Trek,2022,7,0
Desert Trek,2022,8,80113
Desert Trek,2022,9,0
Desert Trek,2022,10,86529
Desert Trek,2022,11,0
Desert Trek,2022,12,123180
Desert Trek,2023,1,0
Desert Trek,2023,2,0
Desert Trek,2023,3,0
Desert Trek,2023,4,0
Desert Trek,2023,5,0
Desert Trek,2023,6,0
Desert Trek,2023,7,0
Desert Trek,2023,8,0
Desert Trek,2023,9,0
Desert Trek,2023,10,0
Desert Trek,2023,11,83857
Desert Trek,2023,12,0
Desert Trek,2024,1,0
Desert Trek,2024,2,0
Desert Trek,2024,3,0
Desert Trek,2024,4,75515
Desert Trek,2024,5,0
Desert Trek,2024,6,0
Desert Trek,2024,7,0
Desert Trek,2024,8,45597
Desert Trek,2024,9,0
Desert Trek,2024,10,0
Desert Trek,2024,11,0
Desert Trek,2024,12,0
Desert Trek,2025,1,116820
Desert Trek,2025,2,0
Desert Trek,2025,3,0
Desert Trek,2025,4,0
Desert Trek,2025,5,0
Desert Trek,2025,6,0
Desert Trek,2025,7,180489
Desert Trek,2025,8,0
Desert Trek,2025,9,0
Desert Trek,2025,10,143087
Desert Trek,2025,11,0
Desert Trek,2025,12,0
Digital Dawn,2020,1,0
Digital Dawn,2020,2,0
Digital Dawn,2020,3,0
Digital Dawn,2020,4,32590
Digital Dawn,2020,5,0
Digital Dawn,2020,6,0
Digital Dawn,2020,7,0
Digital Dawn,2020,8,0
Digital Dawn,2020,9,0
Digital Dawn,2020,10,132915
Digital Dawn,2020,11,57784
Digital Dawn,2020,12,0
Digital Dawn,2021,1,0
Digital Dawn,2021,2,0
Digital Dawn,2021,3,0
Digital Dawn,2021,4,0
Digital Dawn,2021,5,0
Digital Dawn,2021,6,0
Digital Dawn,2021,7,0
Digital Dawn,2021,8,0
Digital Dawn,2021,9,0
Digital Dawn,2021,10,0
Digital Dawn,2021,11,132723
Digital Dawn,2021,12,0
Digital Dawn,2022,1,100228
Digital Dawn,2022,2,75649
Digital Dawn,2022,3,0
Digital Dawn,2022,4,0
Digital Dawn,2022,5,0
Digital Dawn,2022,6,0
Digital Dawn,2022,7,95827
Digital Dawn,2022,8,0
Digital Dawn,2022,9,0
Digital Dawn,2022,10,0
Digital Dawn,2022,11,0
Digital Dawn,2022,12,0
Digital Dawn,2023,1,97213
Digital Dawn,2023,2,0
Digital Dawn,2023,3,0
Digital Dawn,2023,4,0
Digital Dawn,2023,5,105342
Digital Dawn,2023,6,0
Digital Dawn,2023,7,0
Digital Dawn,2023,8,0
Digital Dawn,2023,9,0
Digital Dawn,2023,10,38437
Digital Dawn,2023,11,0
Digital Dawn,2023,12,135949
Digital Dawn,2024,1,49295
Digital Dawn,2024,2,0
Digital Dawn,2024,3,0
Digital Dawn,2024,4,0
Digital Dawn,2024,5,0
Digital Dawn,2024,6,0
Digital Dawn,2024,7,0
Digital Dawn,2024,8,0
Digital Dawn,2024,9,0
Digital Dawn,2024,10,0
Digital Dawn,2024,11,0
Digital Dawn,2024,12,0
Digital Dawn,2025,1,90313
Digital Dawn,2025,2,0
Digital Dawn,2025,3,0
Digital Dawn,2025,4,0
Digital Dawn,2025,5,0
Digital Dawn,2025,6,0
Digital Dawn,2025,7,63936
Digital Dawn,2025,8,0
Digital Dawn,2025,9,114295
Digital Dawn,2025,10,0
Digital Dawn,2025,11,0
Digital Dawn,2025,12,0
Distant Star,2020,1,0
Distant Star,2020,2,0
Distant Star,2020,3,0
Distant Star,2020,4,0
Distant Star,2020,5,0
Distant Star,2020,6,0
Distant Star,2020,7,0
Distant Star,2020,8,0
Distant Star,2020,9,0
Distant Star,2020,10,97249
Distant Star,2020,11,0
Distant Star,2020,12,0
Distant Star,2021,1,0
Distant Star,2021,2,0
Distant Star,2021,3,0
Distant Star,2021,4,0
Distant Star,2021,5,0
Distant Star,2021,6,0
Distant Star,2021,7,0
Distant Star,2021,8,0
Distant Star,2021,9,0
Distant Star,2021,10,113347
Distant Star,2021,11,0
Distant Star,2021,12,0
Distant Star,2022,1,0
Distant Star,2022,2,0
Distant Star,2022,3,0
Distant Star,2022,4,0
Distant Star,2022,5,0
Distant Star,2022,6,70069
Distant Star,2022,7,0
Distant Star,2022,8,0
Distant Star,2022,9,0
Distant Star,2022,10,0
Distant Star,2022,11,0
Distant Star,2022,12,202299
Distant Star,2023,1,101256
Distant Star,2023,2,0
Distant Star,2023,3,0
Distant Star,2023,4,227507
Distant Star,2023,5,0
Distant Star,2023,6,0
Distant Star,2023,7,0
Distant Star,2023,8,0
Distant Star,2023,9,39066
Distant Star,2023,10,0
Distant Star,2023,11,0
Distant Star,2023,12,0
Distant Star,2024,1,0
Distant Star,2024,2,0
Distant Star,2024,3,0
Distant Star,2024,4,0
Distant Star,2024,5,0
Distant Star,2024,6,126915
Distant Star,2024,7,0
Distant Star,2024,8,0
Distant Star,2024,9,0
Distant Star,2024,10,0
Distant Star,2024,11,0
Distant Star,2024,12,0
Distant Star,2025,1,123897
Distant Star,2025,2,125995
Distant Star,2025,3,0
Distant Star,2025,4,50956
Distant Star,2025,5,0
Distant Star,2025,6,84673
Distant Star,2025,7,115187
Distant Star,2025,8,0
Distant Star,2025,9,123746
Distant Star,2025,10,0
Distant Star,2025,11,70973
Distant Star,2025,12,0
Dragon's Fury,2020,1,0
Dragon's Fury,2020,2,0
Dragon's Fury,2020,3,0
Dragon's Fury,2020,4,0
Dragon's Fury,2020,5,0
Dragon's Fury,2020,6,0
Dragon's Fury,2020,7,0
Dragon's Fury,2020,8,89514
Dragon's Fury,2020,9,0
Dragon's Fury,2020,10,0
Dragon's Fury,2020,11,48518
Dragon's Fury,2020,12,0
Dragon's Fury,2021,1,0
Dragon's Fury,2021,2,0
Dragon's Fury,2021,3,0
Dragon's Fury,2021,4,0
Dragon's Fury,2021,5,0
Dragon's Fury,2021,6,0
Dragon's Fury,2021,7,0
Dragon's Fury,2021,8,0
Dragon's Fury,2021,9,43203
Dragon's Fury,2021,10,0
Dragon's Fury,2021,11,0
Dragon's Fury,2021,12,152164
Dragon's Fury,2022,1,0
Dragon's Fury,2022,2,0
Dragon's Fury,2022,3,0
Dragon's Fury,2022,4,0
Dragon's Fury,2022,5,0
Dragon's Fury,2022,6,0
Dragon's Fury,2022,7,0
Dragon's Fury,2022,8,147181
Dragon's Fury,2022,9,0
Dragon's Fury,2022,10,0
Dragon's Fury,2022,11,159000
Dragon's Fury,2022,12,75782
Dragon's Fury,2023,1,0
Dragon's Fury,2023,2,0
Dragon's Fury,2023,3,0
Dragon's Fury,2023,4,0
Dragon's Fury,2023,5,0
Dragon's Fury,2023,6,93578
Dragon's Fury,2023,7,0
Dragon's Fury,2023,8,0
Dragon's Fury,2023,9,0
Dragon's Fury,2023,10,0
Dragon's Fury,2023,11,60548
Dragon's Fury,2023,12,112732
Dragon's Fury,2024,1,0
Dragon's Fury,2024,2,0
Dragon's Fury,2024,3,0
Dragon's Fury,2024,4,0
Dragon's Fury,2024,5,0
Dragon's Fury,2024,6,0
Dragon's Fury,2024,7,0
Dragon's Fury,2024,8,0
Dragon's Fury,2024,9,0
Dragon's Fury,2024,10,0
Dragon's Fury,2024,11,0
Dragon's Fury,2024,12,0
Dragon's Fury,2025,1,0
Dragon's Fury,2025,2,0
Dragon's Fury,2025,3,0
Dragon's Fury,2025,4,0
Dragon's Fury,2025,5,0
Dragon's Fury,2025,6,0
Dragon's Fury,2025,7,0
Dragon's Fury,2025,8,107344
Dragon's Fury,2025,9,0
Dragon's Fury,2025,10,0
Dragon's Fury,2025,11,36283
Dragon's Fury,2025,12,0
Eternal Hope,2020,1,0
Eternal Hope,2020,2,0
Eternal Hope,2020,3,0
Eternal Hope,2020,4,0
Eternal Hope,2020,5,0
Eternal Hope,2020,6,34420
Eternal Hope,2020,7,0
Eternal Hope,2020,8,0
Eternal Hope,2020,9,0
Eternal Hope,2020,10,0
Eternal Hope,2020,11,0
Eternal Hope,2020,12,0
Eternal Hope,2021,1,0
Eternal Hope,2021,2,0
Eternal Hope,2021,3,0
Eternal Hope,2021,4,209160
Eternal Hope,2021,5,0
Eternal Hope,2021,6,0
Eternal Hope,2021,7,0
Eternal Hope,2021,8,0
Eternal Hope,2021,9,0
Eternal Hope,2021,10,0
Eternal Hope,2021,11,0
Eternal Hope,2021,12,0
Eternal Hope,2022,1,114630
Eternal Hope,2022,2,151343
Eternal Hope,2022,3,0
Eternal Hope,2022,4,67497
Eternal Hope,2022,5,0
Eternal Hope,2022,6,91149
Eternal Hope,2022,7,110254
Eternal Hope,2022,8,0
Eternal Hope,2022,9,0
Eternal Hope,2022,10,0
Eternal Hope,2022,11,0
Eternal Hope,2022,12,0
Eternal Hope,2023,1,0
Eternal Hope,2023,2,0
Eternal Hope,2023,3,0
Eternal Hope,2023,4,0
Eternal Hope,2023,5,0
Eternal Hope,2023,6,0
Eternal Hope,2023,7,0
Eternal Hope,2023,8,0
Eternal Hope,2023,9,0
Eternal Hope,2023,10,0
Eternal Hope,2023,11,0
Eternal Hope,2023,12,155582
Eternal Hope,2024,1,0
Eternal Hope,2024,2,0
Eternal Hope,2024,3,0
Eternal Hope,2024,4,100147
Eternal Hope,2024,5,0
Eternal Hope,2024,6,0
Eternal Hope,2024,7,0
Eternal Hope,2024,8,0
Eternal Hope,2024,9,0
Eternal Hope,2024,10,0
Eternal Hope,2024,11,33065
Eternal Hope,2024,12,0
Eternal Hope,2025,1,0
Eternal Hope,2025,2,0
Eternal Hope,2025,3,46876
Eternal Hope,2025,4,0
Eternal Hope,2025,5,0
Eternal Hope,2025,6,0
Eternal Hope,2025,7,0
Eternal Hope,2025,8,96981
Eternal Hope,2025,9,0
Eternal Hope,2025,10,0
Eternal Hope,2025,11,84145
Eternal Hope,2025,12,0
Future City,2020,1,0
Future City,2020,2,0
Future City,2020,3,0
Future City,2020,4,0
Future City,2020,5,0
Future City,2020,6,0
Future City,2020,7,49850
Future City,2020,8,0
Future City,2020,9,0
Future City,2020,10,0
Future City,2020,11,0
Future City,2020,12,0
Future City,2021,1,0
Future City,2021,2,107584
Future City,2021,3,0
Future City,2021,4,98549
Future City,2021,5,0
Future City,2021,6,93404
Future City,2021,7,95716
Future City,2021,8,0
Future City,2021,9,30711
Future City,2021,10,0
Future City,2021,11,0
Future City,2021,12,0
Future City,2022,1,0
Future City,2022,2,0
Future City,2022,3,0
Future City,2022,4,0
Future City,2022,5,0
Future City,2022,6,0
Future City,2022,7,0
Future City,2022,8,0
Future City,2022,9,0
Future City,2022,10,0
Future City,2022,11,0
Future City,2022,12,294093
Future City,2023,1,0
Future City,2023,2,0
Future City,2023,3,0
Future City,2023,4,0
Future City,2023,5,0
Future City,2023,6,79273
Future City,2023,7,111338
Future City,2023,8,0
Future City,2023,9,0
Future City,2023,10,101324
Future City,2023,11,0
Future City,2023,12,0
Future City,2024,1,0
Future City,2024,2,0
Future City,2024,3,76629
Future City,2024,4,0
Future City,2024,5,0
Future City,2024,6,0
Future City,2024,7,0
Future City,2024,8,0
Future City,2024,9,0
Future City,2024,10,0
Future City,2024,11,0
Future City,2024,12,0
Future City,2025,1,0
Future City,2025,2,0
Future City,2025,3,0
Future City,2025,4,0
Future City,2025,5,0
Future City,2025,6,0
Future City,2025,7,0
Future City,2025,8,0
Future City,2025,9,108309
Future City,2025,10,0
Future City,2025,11,0
Future City,2025,12,0
Heartbreak Hotel,2020,1,0
Heartbreak Hotel,2020,2,0
Heartbreak Hotel,2020,3,0
Heartbreak Hotel,2020,4,0
Heartbreak Hotel,2020,5,0
Heartbreak Hotel,2020,6,0
Heartbreak Hotel,2020,7,0
Heartbreak Hotel,2020,8,0
Heartbreak Hotel,2020,9,0
Heartbreak Hotel,2020,10,0
Heartbreak Hotel,2020,11,0
Heartbreak Hotel,2020,12,0
Heartbreak Hotel,2021,1,0
Heartbreak Hotel,2021,2,0
Heartbreak Hotel,2021,3,0
Heartbreak Hotel,2021,4,0
Heartbreak Hotel,2021,5,0
Heartbreak Hotel,2021,6,0
Heartbreak Hotel,2021,7,158621
Heartbreak Hotel,2021,8,0
Heartbreak Hotel,2021,9,0
Heartbreak Hotel,2021,10,0
Heartbreak Hotel,2021,11,0
Heartbreak Hotel,2021,12,0
Heartbreak Hotel,2022,1,120418
Heartbreak Hotel,2022,2,0
Heartbreak Hotel,2022,3,0
Heartbreak Hotel,2022,4,0
Heartbreak Hotel,2022,5,0
Heartbreak Hotel,2022,6,0
Heartbreak Hotel,2022,7,77364
Heartbreak Hotel,2022,8,0
Heartbreak Hotel,2022,9,0
Heartbreak Hotel,2022,10,0
Heartbreak Hotel,2022,11,110938
Heartbreak Hotel,2022,12,0
Heartbreak Hotel,2023,1,0
Heartbreak Hotel,2023,2,0
Heartbreak Hotel,2023,3,0
Heartbreak Hotel,2023,4,0
Heartbreak Hotel,2023,5,0
Heartbreak Hotel,2023,6,89311
Heartbreak Hotel,2023,7,0
Heartbreak Hotel,2023,8,106348
Heartbreak Hotel,2023,9,90290
Heartbreak Hotel,2023,10,0
Heartbreak Hotel,2023,11,85324
Heartbreak Hotel,2023,12,0
Heartbreak Hotel,2024,1,0
Heartbreak Hotel,2024,2,0
Heartbreak Hotel,2024,3,0
Heartbreak Hotel,2024,4,0
Heartbreak Hotel,2024,5,0
Heartbreak Hotel,2024,6,91053
Heartbreak Hotel,2024,7,0
Heartbreak Hotel,2024,8,0
Heartbreak Hotel,2024,9,0
Heartbreak Hotel,2024,10,0
Heartbreak Hotel,2024,11,113872
Heartbreak Hotel,2024,12,48562
Heartbreak Hotel,2025,1,84408
Heartbreak Hotel,2025,2,112461
Heartbreak Hotel,2025,3,316041
Heartbreak Hotel,2025,4,0
Heartbreak Hotel,2025,5,0
Heartbreak Hotel,2025,6,0
Heartbreak Hotel,2025,7,0
Heartbreak Hotel,2025,8,0
Heartbreak Hotel,2025,9,0
Heartbreak Hotel,2025,10,0
Heartbreak Hotel,2025,11,0
Heartbreak Hotel,2025,12,0
Kandy Dreams,2020,1,0
Kandy Dreams,2020,2,0
Kandy Dreams,2020,3,0
Kandy Dreams,2020,4,0
Kandy Dreams,2020,5,0
Kandy Dreams,2020,6,0
Kandy Dreams,2020,7,0
Kandy Dreams,2020,8,0
Kandy Dreams,2020,9,0
Kandy Dreams,2020,10,0
Kandy Dreams,2020,11,0
Kandy Dreams,2020,12,0
Kandy Dreams,2021,1,0
Kandy Dreams,2021,2,0
Kandy Dreams,2021,3,0
Kandy Dreams,2021,4,0
Kandy Dreams,2021,5,0
Kandy Dreams,2021,6,0
Kandy Dreams,2021,7,61043
Kandy Dreams,2021,8,0
Kandy Dreams,2021,9,72232
Kandy Dreams,2021,10,109541
Kandy Dreams,2021,11,0
Kandy Dreams,2021,12,0
Kandy Dreams,2022,1,0
Kandy Dreams,2022,2,0
Kandy Dreams,2022,3,0
Kandy Dreams,2022,4,46952
Kandy Dreams,2022,5,0
Kandy Dreams,2022,6,0
Kandy Dreams,2022,7,0
Kandy Dreams,2022,8,0
Kandy Dreams,2022,9,0
Kandy Dreams,2022,10,81413
Kandy Dreams,2022,11,103753
Kandy Dreams,2022,12,0
Kandy Dreams,2023,1,0
Kandy Dreams,2023,2,29901
Kandy Dreams,2023,3,0
Kandy Dreams,2023,4,0
Kandy Dreams,2023,5,66318
Kandy Dreams,2023,6,217276
Kandy Dreams,2023,7,91672
Kandy Dreams,2023,8,95531
Kandy Dreams,2023,9,0
Kandy Dreams,2023,10,0
Kandy Dreams,2023,11,0
Kandy Dreams,2023,12,0
Kandy Dreams,2024,1,0
Kandy Dreams,2024,2,0
Kandy Dreams,2024,3,0
Kandy Dreams,2024,4,108986
Kandy Dreams,2024,5,0
Kandy Dreams,2024,6,0
Kandy Dreams,2024,7,0
Kandy Dreams,2024,8,0
Kandy Dreams,2024,9,0
Kandy Dreams,2024,10,0
Kandy Dreams,2024,11,0
Kandy Dreams,2024,12,286331
Kandy Dreams,2025,1,0
Kandy Dreams,2025,2,0
Kandy Dreams,2025,3,0
Kandy Dreams,2025,4,0
Kandy Dreams,2025,5,30456
Kandy Dreams,2025,6,0
Kandy Dreams,2025,7,73352
Kandy Dreams,2025,8,0
Kandy Dreams,2025,9,0
Kandy Dreams,2025,10,0
Kandy Dreams,2025,11,0
Kandy Dreams,2025,12,0
Kochi Waves,2020,1,0
Kochi Waves,2020,2,0
Kochi Waves,2020,3,0
Kochi Waves,2020,4,0
Kochi Waves,2020,5,0
Kochi Waves,2020,6,0
Kochi Waves,2020,7,0
Kochi Waves,2020,8,0
Kochi Waves,2020,9,0
Kochi Waves,2020,10,88262
Kochi Waves,2020,11,0
Kochi Waves,2020,12,0
Kochi Waves,2021,1,0
Kochi Waves,2021,2,0
Kochi Waves,2021,3,0
Kochi Waves,2021,4,0
Kochi Waves,2021,5,0
Kochi Waves,2021,6,35653
Kochi Waves,2021,7,0
Kochi Waves,2021,8,63873
Kochi Waves,2021,9,0
Kochi Waves,2021,10,0
Kochi Waves,2021,11,0
Kochi Waves,2021,12,0
Kochi Waves,2022,1,0
Kochi Waves,2022,2,0
Kochi Waves,2022,3,0
Kochi Waves,2022,4,0
Kochi Waves,2022,5,0
Kochi Waves,2022,6,0
Kochi Waves,2022,7,0
Kochi Waves,2022,8,0
Kochi Waves,2022,9,0
Kochi Waves,2022,10,0
Kochi Waves,2022,11,0
Kochi Waves,2022,12,0
Kochi Waves,2023,1,0
Kochi Waves,2023,2,0
Kochi Waves,2023,3,0
Kochi Waves,2023,4,0
Kochi Waves,2023,5,0
Kochi Waves,2023,6,0
Kochi Waves,2023,7,0
Kochi Waves,2023,8,0
Kochi Waves,2023,9,0
Kochi Waves,2023,10,0
Kochi Waves,2023,11,129592
Kochi Waves,2023,12,0
Kochi Waves,2024,1,0
Kochi Waves,2024,2,0
Kochi Waves,2024,3,0
Kochi Waves,2024,4,0
Kochi Waves,2024,5,117797
Kochi Waves,2024,6,160809
Kochi Waves,2024,7,0
Kochi Waves,2024,8,0
Kochi Waves,2024,9,0
Kochi Waves,2024,10,0
Kochi Waves,2024,11,0
Kochi Waves,2024,12,0
Kochi Waves,2025,1,123616
Kochi Waves,2025,2,0
Kochi Waves,2025,3,0
Kochi Waves,2025,4,0
Kochi Waves,2025,5,0
Kochi Waves,2025,6,0
Kochi Waves,2025,7,0
Kochi Waves,2025,8,0
Kochi Waves,2025,9,0
Kochi Waves,2025,10,91648
Kochi Waves,2025,11,0
Kochi Waves,2025,12,0
Lahore Nights,2020,1,0
Lahore Nights,2020,2,0
Lahore Nights,2020,3,0
Lahore Nights,2020,4,0
Lahore Nights,2020,5,0
Lahore Nights,2020,6,96371
Lahore Nights,2020,7,0
Lahore Nights,2020,8,0
Lahore Nights,2020,9,0
Lahore Nights,2020,10,0
Lahore Nights,2020,11,0
Lahore Nights,2020,12,71049
Lahore Nights,2021,1,0
Lahore Nights,2021,2,0
Lahore Nights,2021,3,44021
Lahore Nights,2021,4,0
Lahore Nights,2021,5,0
Lahore Nights,2021,6,0
Lahore Nights,2021,7,0
Lahore Nights,2021,8,0
Lahore Nights,2021,9,0
Lahore Nights,2021,10,0
Lahore Nights,2021,11,0
Lahore Nights,2021,12,0
Lahore Nights,2022,1,0
Lahore Nights,2022,2,0
Lahore Nights,2022,3,0
Lahore Nights,2022,4,0
Lahore Nights,2022,5,0
Lahore Nights,2022,6,117597
Lahore Nights,2022,7,184630
Lahore Nights,2022,8,97344
Lahore Nights,2022,9,0
Lahore Nights,2022,10,104346
Lahore Nights,2022,11,106382
Lahore Nights,2022,12,0
Lahore Nights,2023,1,0
Lahore Nights,2023,2,171661
Lahore Nights,2023,3,0
Lahore Nights,2023,4,0
Lahore Nights,2023,5,0
Lahore Nights,2023,6,36681
Lahore Nights,2023,7,0
Lahore Nights,2023,8,0
Lahore Nights,2023,9,0
Lahore Nights,2023,10,0
Lahore Nights,2023,11,51074
Lahore Nights,2023,12,110620
Lahore Nights,2024,1,0
Lahore Nights,2024,2,0
Lahore Nights,2024,3,173307
Lahore Nights,2024,4,0
Lahore Nights,2024,5,104804
Lahore Nights,2024,6,0
Lahore Nights,2024,7,0
Lahore Nights,2024,8,0
Lahore Nights,2024,9,0
Lahore Nights,2024,10,0
Lahore Nights,2024,11,0
Lahore Nights,2024,12,0
Lahore Nights,2025,1,0
Lahore Nights,2025,2,229647
Lahore Nights,2025,3,0
Lahore Nights,2025,4,0
Lahore Nights,2025,5,62686
Lahore Nights,2025,6,0
Lahore Nights,2025,7,153205
Lahore Nights,2025,8,0
Lahore Nights,2025,9,96857
Lahore Nights,2025,10,0
Lahore Nights,2025,11,0
Lahore Nights,2025,12,0
Love in the Frost,2020,1,0
Love in the Frost,2020,2,0
Love in the Frost,2020,3,0
Love in the Frost,2020,4,0
Love in the Frost,2020,5,0
Love in the Frost,2020,6,0
Love in the Frost,2020,7,0
Love in the Frost,2020,8,0
Love in the Frost,2020,9,0
Love in the Frost,2020,10,0
Love in the Frost,2020,11,0
Love in the Frost,2020,12,0
Love in the Frost,2021,1,0
Love in the Frost,2021,2,0
Love in the Frost,2021,3,0
Love in the Frost,2021,4,0
Love in the Frost,2021,5,226093
Love in the Frost,2021,6,0
Love in the Frost,2021,7,44202
Love in the Frost,2021,8,0
Love in the Frost,2021,9,0
Love in the Frost,2021,10,0
Love in the Frost,2021,11,108217
Love in the Frost,2021,12,0
Love in the Frost,2022,1,0
Love in the Frost,2022,2,170350
Love in the Frost,2022,3,0
Love in the Frost,2022,4,0
Love in the Frost,2022,5,0
Love in the Frost,2022,6,0
Love in the Frost,2022,7,0
Love in the Frost,2022,8,114831
Love in the Frost,2022,9,0
Love in the Frost,2022,10,0
Love in the Frost,2022,11,100393
Love in the Frost,2022,12,0
Love in the Frost,2023,1,0
Love in the Frost,2023,2,244639
Love in the Frost,2023,3,0
Love in the Frost,2023,4,0
Love in the Frost,2023,5,0
Love in the Frost,2023,6,0
Love in the Frost,2023,7,38684
Love in the Frost,2023,8,0
Love in the Frost,2023,9,0
Love in the Frost,2023,10,108315
Love in the Frost,2023,11,0
Love in the Frost,2023,12,0
Love in the Frost,2024,1,0
Love in the Frost,2024,2,0
Love in the Frost,2024,3,31280
Love in the Frost,2024,4,0
Love in the Frost,2024,5,0
Love in the Frost,2024,6,86877
Love in the Frost,2024,7,0
Love in the Frost,2024,8,0
Love in the Frost,2024,9,39207
Love in the Frost,2024,10,0
Love in the Frost,2024,11,0
Love in the Frost,2024,12,0
Love in the Frost,2025,1,0
Love in the Frost,2025,2,0
Love in the Frost,2025,3,0
Love in the Frost,2025,4,0
Love in the Frost,2025,5,0
Love in the Frost,2025,6,0
Love in the Frost,2025,7,0
Love in the Frost,2025,8,0
Love in the Frost,2025,9,228871
Love in the Frost,2025,10,122334
Love in the Frost,2025,11,0
Love in the Frost,2025,12,0
Midnight Train,2020,1,0
Midnight Train,2020,2,0
Midnight Train,2020,3,0
Midnight Train,2020,4,0
Midnight Train,2020,5,0
Midnight Train,2020,6,0
Midnight Train,2020,7,103616
Midnight Train,2020,8,0
Midnight Train,2020,9,0
Midnight Train,2020,10,90856
Midnight Train,2020,11,0
Midnight Train,2020,12,0
Midnight Train,2021,1,0
Midnight Train,2021,2,39793
Midnight Train,2021,3,0
Midnight Train,2021,4,0
Midnight Train,2021,5,31729
Midnight Train,2021,6,0
Midnight Train,2021,7,0
Midnight Train,2021,8,0
Midnight Train,2021,9,136848
Midnight Train,2021,10,0
Midnight Train,2021,11,0
Midnight Train,2021,12,47345
Midnight Train,2022,1,0
Midnight Train,2022,2,0
Midnight Train,2022,3,87394
Midnight Train,2022,4,0
Midnight Train,2022,5,0
Midnight Train,2022,6,0
Midnight Train,2022,7,0
Midnight Train,2022,8,0
Midnight Train,2022,9,0
Midnight Train,2022,10,0
Midnight Train,2022,11,0
Midnight Train,2022,12,0
Midnight Train,2023,1,76415
Midnight Train,2023,2,0
Midnight Train,2023,3,0
Midnight Train,2023,4,76610
Midnight Train,2023,5,0
Midnight Train,2023,6,0
Midnight Train,2023,7,0
Midnight Train,2023,8,0
Midnight Train,2023,9,0
Midnight Train,2023,10,0
Midnight Train,2023,11,0
Midnight Train,2023,12,0
Midnight Train,2024,1,0
Midnight Train,2024,2,0
Midnight Train,2024,3,0
Midnight Train,2024,4,0
Midnight Train,2024,5,0
Midnight Train,2024,6,0
Midnight Train,2024,7,0
Midnight Train,2024,8,0
Midnight Train,2024,9,0
Midnight Train,2024,10,0
Midnight Train,2024,11,143102
Midnight Train,2024,12,67239
Midnight Train,2025,1,0
Midnight Train,2025,2,0
Midnight Train,2025,3,0
Midnight Train,2025,4,0
Midnight Train,2025,5,0
Midnight Train,2025,6,0
Midnight Train,2025,7,105008
Midnight Train,2025,8,0
Midnight Train,2025,9,0
Midnight Train,2025,10,81365
Midnight Train,2025,11,0
Midnight Train,2025,12,0
Mirror Maze,2020,1,0
Mirror Maze,2020,2,0
Mirror Maze,2020,3,0
Mirror Maze,2020,4,0
Mirror Maze,2020,5,0
Mirror Maze,2020,6,0
Mirror Maze,2020,7,0
Mirror Maze,2020,8,0
Mirror Maze,2020,9,0
Mirror Maze,2020,10,0
Mirror Maze,2020,11,0
Mirror Maze,2020,12,0
Mirror Maze,2021,1,0
Mirror Maze,2021,2,0
Mirror Maze,2021,3,0
Mirror Maze,2021,4,0
Mirror Maze,2021,5,0
Mirror Maze,2021,6,0
Mirror Maze,2021,7,0
Mirror Maze,2021,8,122079
Mirror Maze,2021,9,0
Mirror Maze,2021,10,112307
Mirror Maze,2021,11,0
Mirror Maze,2021,12,48761
Mirror Maze,2022,1,0
Mirror Maze,2022,2,0
Mirror Maze,2022,3,0
Mirror Maze,2022,4,0
Mirror Maze,2022,5,0
Mirror Maze,2022,6,0
Mirror Maze,2022,7,161811
Mirror Maze,2022,8,93583
Mirror Maze,2022,9,0
Mirror Maze,2022,10,0
Mirror Maze,2022,11,0
Mirror Maze,2022,12,194188
Mirror Maze,2023,1,0
Mirror Maze,2023,2,0
Mirror Maze,2023,3,0
Mirror Maze,2023,4,0
Mirror Maze,2023,5,0
Mirror Maze,2023,6,0
Mirror Maze,2023,7,0
Mirror Maze,2023,8,132225
Mirror Maze,2023,9,118961
Mirror Maze,2023,10,95604
Mirror Maze,2023,11,0
Mirror Maze,2023,12,0
Mirror Maze,2024,1,0
Mirror Maze,2024,2,173789
Mirror Maze,2024,3,0
Mirror Maze,2024,4,0
Mirror Maze,2024,5,0
Mirror Maze,2024,6,0
Mirror Maze,2024,7,26064
Mirror Maze,2024,8,0
Mirror Maze,2024,9,0
Mirror Maze,2024,10,157280
Mirror Maze,2024,11,0
Mirror Maze,2024,12,161474
Mirror Maze,2025,1,0
Mirror Maze,2025,2,0
Mirror Maze,2025,3,0
Mirror Maze,2025,4,0
Mirror Maze,2025,5,0
Mirror Maze,2025,6,0
Mirror Maze,2025,7,0
Mirror Maze,2025,8,0
Mirror Maze,2025,9,0
Mirror Maze,2025,10,0
Mirror Maze,2025,11,0
Mirror Maze,2025,12,0
Mountain Trail,2020,1,0
Mountain Trail,2020,2,0
Mountain Trail,2020,3,0
Mountain Trail,2020,4,0
Mountain Trail,2020,5,0
Mountain Trail,2020,6,0
Mountain Trail,2020,7,0
Mountain Trail,2020,8,0
Mountain Trail,2020,9,94959
Mountain Trail,2020,10,0
Mountain Trail,2020,11,0
Mountain Trail,2020,12,0
Mountain Trail,2021,1,0
Mountain Trail,2021,2,0
Mountain Trail,2021,3,0
Mountain Trail,2021,4,0
Mountain Trail,2021,5,0
Mountain Trail,2021,6,89579
Mountain Trail,2021,7,93162
Mountain Trail,2021,8,0
Mountain Trail,2021,9,0
Mountain Trail,2021,10,0
Mountain Trail,2021,11,0
Mountain Trail,2021,12,0
Mountain Trail,2022,1,0
Mountain Trail,2022,2,0
Mountain Trail,2022,3,0
Mountain Trail,2022,4,0
Mountain Trail,2022,5,0
Mountain Trail,2022,6,0
Mountain Trail,2022,7,0
Mountain Trail,2022,8,0
Mountain Trail,2022,9,0
Mountain Trail,2022,10,97297
Mountain Trail,2022,11,124216
Mountain Trail,2022,12,0
Mountain Trail,2023,1,0
Mountain Trail,2023,2,0
Mountain Trail,2023,3,0
Mountain Trail,2023,4,47828
Mountain Trail,2023,5,43257
Mountain Trail,2023,6,0
Mountain Trail,2023,7,0
Mountain Trail,2023,8,120284
Mountain Trail,2023,9,0
Mountain Trail,2023,10,0
Mountain Trail,2023,11,90409
Mountain Trail,2023,12,64247
Mountain Trail,2024,1,0
Mountain Trail,2024,2,0
Mountain Trail,2024,3,0
Mountain Trail,2024,4,0
Mountain Trail,2024,5,88176
Mountain Trail,2024,6,150321
Mountain Trail,2024,7,72264
Mountain Trail,2024,8,56001
Mountain Trail,2024,9,0
Mountain Trail,2024,10,92224
Mountain Trail,2024,11,0
Mountain Trail,2024,12,0
Mountain Trail,2025,1,0
Mountain Trail,2025,2,56819
Mountain Trail,2025,3,0
Mountain Trail,2025,4,0
Mountain Trail,2025,5,0
Mountain Trail,2025,6,0
Mountain Trail,2025,7,0
Mountain Trail,2025,8,0
Mountain Trail,2025,9,0
Mountain Trail,2025,10,0
Mountain Trail,2025,11,83759
Mountain Trail,2025,12,0
Mumbai Saga,2020,1,0
Mumbai Saga,2020,2,0
Mumbai Saga,2020,3,0
Mumbai Saga,2020,4,0
Mumbai Saga,2020,5,0
Mumbai Saga,2020,6,0
Mumbai Saga,2020,7,0
Mumbai Saga,2020,8,0
Mumbai Saga,2020,9,89703
Mumbai Saga,2020,10,0
Mumbai Saga,2020,11,0
Mumbai Saga,2020,12,0
Mumbai Saga,2021,1,0
Mumbai Saga,2021,2,0
Mumbai Saga,2021,3,0
Mumbai Saga,2021,4,0
Mumbai Saga,2021,5,89471
Mumbai Saga,2021,6,0
Mumbai Saga,2021,7,0
Mumbai Saga,2021,8,0
Mumbai Saga,2021,9,86731
Mumbai Saga,2021,10,0
Mumbai Saga,2021,11,0
Mumbai Saga,2021,12,0
Mumbai Saga,2022,1,0
Mumbai Saga,2022,2,0
Mumbai Saga,2022,3,0
Mumbai Saga,2022,4,0
Mumbai Saga,2022,5,0
Mumbai Saga,2022,6,31591
Mumbai Saga,2022,7,0
Mumbai Saga,2022,8,0
Mumbai Saga,2022,9,0
Mumbai Saga,2022,10,119449
Mumbai Saga,2022,11,25397
Mumbai Saga,2022,12,0
Mumbai Saga,2023,1,46293
Mumbai Saga,2023,2,0
Mumbai Saga,2023,3,0
Mumbai Saga,2023,4,0
Mumbai Saga,2023,5,210602
Mumbai Saga,2023,6,53394
Mumbai Saga,2023,7,82713
Mumbai Saga,2023,8,0
Mumbai Saga,2023,9,0
Mumbai Saga,2023,10,95394
Mumbai Saga,2023,11,0
Mumbai Saga,2023,12,0
Mumbai Saga,2024,1,0
Mumbai Saga,2024,2,0
Mumbai Saga,2024,3,0
Mumbai Saga,2024,4,0
Mumbai Saga,2024,5,0
Mumbai Saga,2024,6,126096
Mumbai Saga,2024,7,0
Mumbai Saga,2024,8,236052
Mumbai Saga,2024,9,0
Mumbai Saga,2024,10,0
Mumbai Saga,2024,11,85100
Mumbai Saga,2024,12,0
Mumbai Saga,2025,1,0
Mumbai Saga,2025,2,0
Mumbai Saga,2025,3,0
Mumbai Saga,2025,4,0
Mumbai Saga,2025,5,0
Mumbai Saga,2025,6,0
Mumbai Saga,2025,7,0
Mumbai Saga,2025,8,86511
Mumbai Saga,2025,9,117383
Mumbai Saga,2025,10,0
Mumbai Saga,2025,11,0
Mumbai Saga,2025,12,0
Seoul Heartbeat,2020,1,0
Seoul Heartbeat,2020,2,68626
Seoul Heartbeat,2020,3,0
Seoul Heartbeat,2020,4,0
Seoul Heartbeat,2020,5,0
Seoul Heartbeat,2020,6,0
Seoul Heartbeat,2020,7,112635
Seoul Heartbeat,2020,8,0
Seoul Heartbeat,2020,9,0
Seoul Heartbeat,2020,10,0
Seoul Heartbeat,2020,11,0
Seoul Heartbeat,2020,12,118225
Seoul Heartbeat,2021,1,0
Seoul Heartbeat,2021,2,0
Seoul Heartbeat,2021,3,0
Seoul Heartbeat,2021,4,0
Seoul Heartbeat,2021,5,0
Seoul Heartbeat,2021,6,95431
Seoul Heartbeat,2021,7,0
Seoul Heartbeat,2021,8,0
Seoul Heartbeat,2021,9,68107
Seoul Heartbeat,2021,10,0
Seoul Heartbeat,2021,11,134320
Seoul Heartbeat,2021,12,0
Seoul Heartbeat,2022,1,0
Seoul Heartbeat,2022,2,179123
Seoul Heartbeat,2022,3,0
Seoul Heartbeat,2022,4,100640
Seoul Heartbeat,2022,5,0
Seoul Heartbeat,2022,6,0
Seoul Heartbeat,2022,7,48571
Seoul Heartbeat,2022,8,0
Seoul Heartbeat,2022,9,0
Seoul Heartbeat,2022,10,0
Seoul Heartbeat,2022,11,0
Seoul Heartbeat,2022,12,126968
Seoul Heartbeat,2023,1,88038
Seoul Heartbeat,2023,2,0
Seoul Heartbeat,2023,3,0
Seoul Heartbeat,2023,4,0
Seoul Heartbeat,2023,5,129825
Seoul Heartbeat,2023,6,0
Seoul Heartbeat,2023,7,0
Seoul Heartbeat,2023,8,0
Seoul Heartbeat,2023,9,0
Seoul Heartbeat,2023,10,0
Seoul Heartbeat,2023,11,0
Seoul Heartbeat,2023,12,0
Seoul Heartbeat,2024,1,0
Seoul Heartbeat,2024,2,226835
Seoul Heartbeat,2024,3,111023
Seoul Heartbeat,2024,4,132810
Seoul Heartbeat,2024,5,0
Seoul Heartbeat,2024,6,0
Seoul Heartbeat,2024,7,87919
Seoul Heartbeat,2024,8,0
Seoul Heartbeat,2024,9,0
Seoul Heartbeat,2024,10,0
Seoul Heartbeat,2024,11,0
Seoul Heartbeat,2024,12,0
Seoul Heartbeat,2025,1,0
Seoul Heartbeat,2025,2,0
Seoul Heartbeat,2025,3,0
Seoul Heartbeat,2025,4,128062
Seoul Heartbeat,2025,5,0
Seoul Heartbeat,2025,6,0
Seoul Heartbeat,2025,7,0
Seoul Heartbeat,2025,8,0
Seoul Heartbeat,2025,9,0
Seoul Heartbeat,2025,10,0
Seoul Heartbeat,2025,11,0
Seoul Heartbeat,2025,12,0
Shadow Pact,2020,1,0
Shadow Pact,2020,2,0
Shadow Pact,2020,3,0
Shadow Pact,2020,4,0
Shadow Pact,2020,5,0
Shadow Pact,2020,6,0
Shadow Pact,2020,7,0
Shadow Pact,2020,8,0
Shadow Pact,2020,9,0
Shadow Pact,2020,10,0
Shadow Pact,2020,11,0
Shadow Pact,2020,12,0
Shadow Pact,2021,1,0
Shadow Pact,2021,2,0
Shadow Pact,2021,3,0
Shadow Pact,2021,4,0
Shadow Pact,2021,5,0
Shadow Pact,2021,6,0
Shadow Pact,2021,7,0
Shadow Pact,2021,8,0
Shadow Pact,2021,9,0
Shadow Pact,2021,10,0
Shadow Pact,2021,11,0
Shadow Pact,2021,12,0
Shadow Pact,2022,1,62181
Shadow Pact,2022,2,0
Shadow Pact,2022,3,0
Shadow Pact,2022,4,204619
Shadow Pact,2022,5,0
Shadow Pact,2022,6,0
Shadow Pact,2022,7,0
Shadow Pact,2022,8,0
Shadow Pact,2022,9,0
Shadow Pact,2022,10,0
Shadow Pact,2022,11,0
Shadow Pact,2022,12,0
Shadow Pact,2023,1,85787
Shadow Pact,2023,2,0
Shadow Pact,2023,3,0
Shadow Pact,2023,4,0
Shadow Pact,2023,5,29496
Shadow Pact,2023,6,0
Shadow Pact,2023,7,0
Shadow Pact,2023,8,0
Shadow Pact,2023,9,0
Shadow Pact,2023,10,0
Shadow Pact,2023,11,0
Shadow Pact,2023,12,0
Shadow Pact,2024,1,0
Shadow Pact,2024,2,0
Shadow Pact,2024,3,106939
Shadow Pact,2024,4,0
Shadow Pact,2024,5,0
Shadow Pact,2024,6,0
Shadow Pact,2024,7,0
Shadow Pact,2024,8,0
Shadow Pact,2024,9,0
Shadow Pact,2024,10,0
Shadow Pact,2024,11,0
Shadow Pact,2024,12,0
Shadow Pact,2025,1,0
Shadow Pact,2025,2,39688
Shadow Pact,2025,3,0
Shadow Pact,2025,4,0
Shadow Pact,2025,5,0
Shadow Pact,2025,6,0
Shadow Pact,2025,7,0
Shadow Pact,2025,8,0
Shadow Pact,2025,9,0
Shadow Pact,2025,10,0
Shadow Pact,2025,11,102830
Shadow Pact,2025,12,0
Silent Echoes,2020,1,0
Silent Echoes,2020,2,0
Silent Echoes,2020,3,0
Silent Echoes,2020,4,0
Silent Echoes,2020,5,0
Silent Echoes,2020,6,0
Silent Echoes,2020,7,0
Silent Echoes,2020,8,0
Silent Echoes,2020,9,0
Silent Echoes,2020,10,0
Silent Echoes,2020,11,0
Silent Echoes,2020,12,0
Silent Echoes,2021,1,0
Silent Echoes,2021,2,0
Silent Echoes,2021,3,0
Silent Echoes,2021,4,0
Silent Echoes,2021,5,0
Silent Echoes,2021,6,0
Silent Echoes,2021,7,0
Silent Echoes,2021,8,68793
Silent Echoes,2021,9,28677
Silent Echoes,2021,10,0
Silent Echoes,2021,11,0
Silent Echoes,2021,12,121899
Silent Echoes,2022,1,0
Silent Echoes,2022,2,0
Silent Echoes,2022,3,105035
Silent Echoes,2022,4,111046
Silent Echoes,2022,5,0
Silent Echoes,2022,6,0
Silent Echoes,2022,7,0
Silent Echoes,2022,8,93843
Silent Echoes,2022,9,113966
Silent Echoes,2022,10,0
Silent Echoes,2022,11,0
Silent Echoes,2022,12,152377
Silent Echoes,2023,1,0
Silent Echoes,2023,2,0
Silent Echoes,2023,3,0
Silent Echoes,2023,4,0
Silent Echoes,2023,5,0
Silent Echoes,2023,6,160974
Silent Echoes,2023,7,0
Silent Echoes,2023,8,117864
Silent Echoes,2023,9,0
Silent Echoes,2023,10,0
Silent Echoes,2023,11,0
Silent Echoes,2023,12,0
Silent Echoes,2024,1,81857
Silent Echoes,2024,2,0
Silent Echoes,2024,3,94433
Silent Echoes,2024,4,0
Silent Echoes,2024,5,0
Silent Echoes,2024,6,0
Silent Echoes,2024,7,0
Silent Echoes,2024,8,0
Silent Echoes,2024,9,0
Silent Echoes,2024,10,0
Silent Echoes,2024,11,0
Silent Echoes,2024,12,0
Silent Echoes,2025,1,0
Silent Echoes,2025,2,0
Silent Echoes,2025,3,0
Silent Echoes,2025,4,0
Silent Echoes,2025,5,0
Silent Echoes,2025,6,0
Silent Echoes,2025,7,0
Silent Echoes,2025,8,78484
Silent Echoes,2025,9,116940
Silent Echoes,2025,10,0
Silent Echoes,2025,11,0
Silent Echoes,2025,12,0
Sunset Vows,2020,1,0
Sunset Vows,2020,2,0
Sunset Vows,2020,3,0
Sunset Vows,2020,4,0
Sunset Vows,2020,5,0
Sunset Vows,2020,6,0
Sunset Vows,2020,7,0
Sunset Vows,2020,8,0
Sunset Vows,2020,9,0
Sunset Vows,2020,10,0
Sunset Vows,2020,11,0
Sunset Vows,2020,12,0
Sunset Vows,2021,1,0
Sunset Vows,2021,2,0
Sunset Vows,2021,3,0
Sunset Vows,2021,4,0
Sunset Vows,2021,5,0
Sunset Vows,2021,6,0
Sunset Vows,2021,7,0
Sunset Vows,2021,8,0
Sunset Vows,2021,9,0
Sunset Vows,2021,10,155657
Sunset Vows,2021,11,96267
Sunset Vows,2021,12,0
Sunset Vows,2022,1,0
Sunset Vows,2022,2,0
Sunset Vows,2022,3,0
Sunset Vows,2022,4,0
Sunset Vows,2022,5,82472
Sunset Vows,2022,6,0
Sunset Vows,2022,7,152058
Sunset Vows,2022,8,172218
Sunset Vows,2022,9,57577
Sunset Vows,2022,10,0
Sunset Vows,2022,11,92960
Sunset Vows,2022,12,0
Sunset Vows,2023,1,0
Sunset Vows,2023,2,0
Sunset Vows,2023,3,0
Sunset Vows,2023,4,0
Sunset Vows,2023,5,0
Sunset Vows,2023,6,0
Sunset Vows,2023,7,0
Sunset Vows,2023,8,0
Sunset Vows,2023,9,240194
Sunset Vows,2023,10,94468
Sunset Vows,2023,11,0
Sunset Vows,2023,12,0
Sunset Vows,2024,1,0
Sunset Vows,2024,2,81112
Sunset Vows,2024,3,0
Sunset Vows,2024,4,0
Sunset Vows,2024,5,0
Sunset Vows,2024,6,0
Sunset Vows,2024,7,0
Sunset Vows,2024,8,0
Sunset Vows,2024,9,129378
Sunset Vows,2024,10,0
Sunset Vows,2024,11,201337
Sunset Vows,2024,12,0
Sunset Vows,2025,1,0
Sunset Vows,2025,2,103884
Sunset Vows,2025,3,0
Sunset Vows,2025,4,0
Sunset Vows,2025,5,0
Sunset Vows,2025,6,0
Sunset Vows,2025,7,0
Sunset Vows,2025,8,0
Sunset Vows,2025,9,0
Sunset Vows,2025,10,0
Sunset Vows,2025,11,0
Sunset Vows,2025,12,0
Taipei Secrets,2020,1,0
Taipei Secrets,2020,2,0
Taipei Secrets,2020,3,0
Taipei Secrets,2020,4,0
Taipei Secrets,2020,5,0
Taipei Secrets,2020,6,0
Taipei Secrets,2020,7,0
Taipei Secrets,2020,8,0
Taipei Secrets,2020,9,0
Taipei Secrets,2020,10,0
Taipei Secrets,2020,11,0
Taipei Secrets,2020,12,0
Taipei Secrets,2021,1,115975
Taipei Secrets,2021,2,85543
Taipei Secrets,2021,3,0
Taipei Secrets,2021,4,0
Taipei Secrets,2021,5,0
Taipei Secrets,2021,6,0
Taipei Secrets,2021,7,0
Taipei Secrets,2021,8,0
Taipei Secrets,2021,9,0
Taipei Secrets,2021,10,113410
Taipei Secrets,2021,11,0
Taipei Secrets,2021,12,0
Taipei Secrets,2022,1,0
Taipei Secrets,2022,2,0
Taipei Secrets,2022,3,0
Taipei Secrets,2022,4,147743
Taipei Secrets,2022,5,0
Taipei Secrets,2022,6,0
Taipei Secrets,2022,7,0
Taipei Secrets,2022,8,0
Taipei Secrets,2022,9,0
Taipei Secrets,2022,10,0
Taipei Secrets,2022,11,0
Taipei Secrets,2022,12,0
Taipei Secrets,2023,1,0
Taipei Secrets,2023,2,0
Taipei Secrets,2023,3,0
Taipei Secrets,2023,4,0
Taipei Secrets,2023,5,0
Taipei Secrets,2023,6,0
Taipei Secrets,2023,7,0
Taipei Secrets,2023,8,0
Taipei Secrets,2023,9,0
Taipei Secrets,2023,10,109528
Taipei Secrets,2023,11,0
Taipei Secrets,2023,12,123996
Taipei Secrets,2024,1,0
Taipei Secrets,2024,2,0
Taipei Secrets,2024,3,0
Taipei Secrets,2024,4,0
Taipei Secrets,2024,5,0
Taipei Secrets,2024,6,0
Taipei Secrets,2024,7,0
Taipei Secrets,2024,8,121233
Taipei Secrets,2024,9,0
Taipei Secrets,2024,10,0
Taipei Secrets,2024,11,0
Taipei Secrets,2024,12,0
Taipei Secrets,2025,1,0
Taipei Secrets,2025,2,0
Taipei Secrets,2025,3,83777
Taipei Secrets,2025,4,0
Taipei Secrets,2025,5,114101
Taipei Secrets,2025,6,0
Taipei Secrets,2025,7,0
Taipei Secrets,2025,8,0
Taipei Secrets,2025,9,50721
Taipei Secrets,2025,10,0
Taipei Secrets,2025,11,0
Taipei Secrets,2025,12,110208
Tech Singularity,2020,1,77131
Tech Singularity,2020,2,0
Tech Singularity,2020,3,0
Tech Singularity,2020,4,0
Tech Singularity,2020,5,0
Tech Singularity,2020,6,0
Tech Singularity,2020,7,0
Tech Singularity,2020,8,0
Tech Singularity,2020,9,0
Tech Singularity,2020,10,0
Tech Singularity,2020,11,0
Tech Singularity,2020,12,0
Tech Singularity,2021,1,0
Tech Singularity,2021,2,0
Tech Singularity,2021,3,0
Tech Singularity,2021,4,88785
Tech Singularity,2021,5,0
Tech Singularity,2021,6,62864
Tech Singularity,2021,7,0
Tech Singularity,2021,8,0
Tech Singularity,2021,9,0
Tech Singularity,2021,10,0
Tech Singularity,2021,11,0
Tech Singularity,2021,12,0
Tech Singularity,2022,1,0
Tech Singularity,2022,2,0
Tech Singularity,2022,3,0
Tech Singularity,2022,4,40515
Tech Singularity,2022,5,0
Tech Singularity,2022,6,0
Tech Singularity,2022,7,0
Tech Singularity,2022,8,80340
Tech Singularity,2022,9,134688
Tech Singularity,2022,10,0
Tech Singularity,2022,11,0
Tech Singularity,2022,12,163490
Tech Singularity,2023,1,124400
Tech Singularity,2023,2,170693
Tech Singularity,2023,3,0
Tech Singularity,2023,4,0
Tech Singularity,2023,5,0
Tech Singularity,2023,6,0
Tech Singularity,2023,7,0
Tech Singularity,2023,8,0
Tech Singularity,2023,9,110757
Tech Singularity,2023,10,0
Tech Singularity,2023,11,87108
Tech Singularity,2023,12,0
Tech Singularity,2024,1,0
Tech Singularity,2024,2,0
Tech Singularity,2024,3,0
Tech Singularity,2024,4,0
Tech Singularity,2024,5,0
Tech Singularity,2024,6,89792
Tech Singularity,2024,7,0
Tech Singularity,2024,8,0
Tech Singularity,2024,9,109602
Tech Singularity,2024,10,0
Tech Singularity,2024,11,131509
Tech Singularity,2024,12,0
Tech Singularity,2025,1,0
Tech Singularity,2025,2,0
Tech Singularity,2025,3,154070
Tech Singularity,2025,4,0
Tech Singularity,2025,5,0
Tech Singularity,2025,6,0
Tech Singularity,2025,7,0
Tech Singularity,2025,8,0
Tech Singularity,2025,9,0
Tech Singularity,2025,10,0
Tech Singularity,2025,11,0
Tech Singularity,2025,12,0
The Green Line,2020,1,0
The Green Line,2020,2,0
The Green Line,2020,3,0
The Green Line,2020,4,0
The Green Line,2020,5,0
The Green Line,2020,6,0
The Green Line,2020,7,0
The Green Line,2020,8,0
The Green Line,2020,9,0
The Green Line,2020,10,0
The Green Line,2020,11,0
The Green Line,2020,12,0
The Green Line,2021,1,0
The Green Line,2021,2,0
The Green Line,2021,3,0
The Green Line,2021,4,0
The Green Line,2021,5,0
The Green Line,2021,6,0
The Green Line,2021,7,0
The Green Line,2021,8,0
The Green Line,2021,9,0
The Green Line,2021,10,0
The Green Line,2021,11,0
The Green Line,2021,12,0
The Green Line,2022,1,0
The Green Line,2022,2,0
The Green Line,2022,3,0
The Green Line,2022,4,0
The Green Line,2022,5,0
The Green Line,2022,6,49577
The Green Line,2022,7,0
The Green Line,2022,8,0
The Green Line,2022,9,0
The Green Line,2022,10,83268
The Green Line,2022,11,0
The Green Line,2022,12,93485
The Green Line,2023,1,55935
The Green Line,2023,2,0
The Green Line,2023,3,0
The Green Line,2023,4,0
The Green Line,2023,5,0
The Green Line,2023,6,0
The Green Line,2023,7,0
The Green Line,2023,8,135367
The Green Line,2023,9,0
The Green Line,2023,10,0
The Green Line,2023,11,0
The Green Line,2023,12,0
The Green Line,2024,1,0
The Green Line,2024,2,99212
The Green Line,2024,3,0
The Green Line,2024,4,93809
The Green Line,2024,5,0
The Green Line,2024,6,0
The Green Line,2024,7,0
The Green Line,2024,8,67815
The Green Line,2024,9,0
The Green Line,2024,10,0
The Green Line,2024,11,0
The Green Line,2024,12,0
The Green Line,2025,1,0
The Green Line,2025,2,0
The Green Line,2025,3,47737
The Green Line,2025,4,0
The Green Line,2025,5,0
The Green Line,2025,6,85367
The Green Line,2025,7,0
The Green Line,2025,8,0
The Green Line,2025,9,0
The Green Line,2025,10,0
The Green Line,2025,11,0
The Green Line,2025,12,0
The King's Guard,2020,1,0
The King's Guard,2020,2,0
The King's Guard,2020,3,0
The King's Guard,2020,4,0
The King's Guard,2020,5,0
The King's Guard,2020,6,0
The King's Guard,2020,7,0
The King's Guard,2020,8,0
The King's Guard,2020,9,0
The King's Guard,2020,10,0
The King's Guard,2020,11,31365
The King's Guard,2020,12,45048
The King's Guard,2021,1,93416
The King's Guard,2021,2,0
The King's Guard,2021,3,0
The King's Guard,2021,4,148908
The King's Guard,2021,5,0
The King's Guard,2021,6,0
The King's Guard,2021,7,0
The King's Guard,2021,8,66629
The King's Guard,2021,9,0
The King's Guard,2021,10,0
The King's Guard,2021,11,0
The King's Guard,2021,12,167262
The King's Guard,2022,1,0
The King's Guard,2022,2,0
The King's Guard,2022,3,0
The King's Guard,2022,4,0
The King's Guard,2022,5,0
The King's Guard,2022,6,0
The King's Guard,2022,7,0
The King's Guard,2022,8,0
The King's Guard,2022,9,51223
The King's Guard,2022,10,0
The King's Guard,2022,11,0
The King's Guard,2022,12,0
The King's Guard,2023,1,0
The King's Guard,2023,2,116905
The King's Guard,2023,3,0
The King's Guard,2023,4,0
The King's Guard,2023,5,0
The King's Guard,2023,6,0
The King's Guard,2023,7,0
The King's Guard,2023,8,0
The King's Guard,2023,9,0
The King's Guard,2023,10,0
The King's Guard,2023,11,0
The King's Guard,2023,12,0
The King's Guard,2024,1,0
The King's Guard,2024,2,0
The King's Guard,2024,3,75456
The King's Guard,2024,4,68831
The King's Guard,2024,5,0
The King's Guard,2024,6,0
The King's Guard,2024,7,0
The King's Guard,2024,8,147911
The King's Guard,2024,9,0
The King's Guard,2024,10,0
The King's Guard,2024,11,0
The King's Guard,2024,12,0
The King's Guard,2025,1,81704
The King's Guard,2025,2,0
The King's Guard,2025,3,0
The King's Guard,2025,4,0
The King's Guard,2025,5,0
The King's Guard,2025,6,0
The King's Guard,2025,7,0
The King's Guard,2025,8,0
The King's Guard,2025,9,0
The King's Guard,2025,10,0
The King's Guard,2025,11,0
The King's Guard,2025,12,0
The Last Samurai,2020,1,0
The Last Samurai,2020,2,0
The Last Samurai,2020,3,0
The Last Samurai,2020,4,0
The Last Samurai,2020,5,0
The Last Samurai,2020,6,0
The Last Samurai,2020,7,0
The Last Samurai,2020,8,0
The Last Samurai,2020,9,0
The Last Samurai,2020,10,0
The Last Samurai,2020,11,0
The Last Samurai,2020,12,158679
The Last Samurai,2021,1,0
The Last Samurai,2021,2,0
The Last Samurai,2021,3,0
The Last Samurai,2021,4,0
The Last Samurai,2021,5,0
The Last Samurai,2021,6,0
The Last Samurai,2021,7,0
The Last Samurai,2021,8,0
The Last Samurai,2021,9,0
The Last Samurai,2021,10,0
The Last Samurai,2021,11,0
The Last Samurai,2021,12,0
The Last Samurai,2022,1,122381
The Last Samurai,2022,2,0
The Last Samurai,2022,3,0
The Last Samurai,2022,4,0
The Last Samurai,2022,5,0
The Last Samurai,2022,6,0
The Last Samurai,2022,7,0
The Last Samurai,2022,8,0
The Last Samurai,2022,9,0
The Last Samurai,2022,10,0
The Last Samurai,2022,11,0
The Last Samurai,2022,12,0
The Last Samurai,2023,1,0
The Last Samurai,2023,2,0
The Last Samurai,2023,3,0
The Last Samurai,2023,4,102688
The Last Samurai,2023,5,0
The Last Samurai,2023,6,0
The Last Samurai,2023,7,0
The Last Samurai,2023,8,0
The Last Samurai,2023,9,116492
The Last Samurai,2023,10,0
The Last Samurai,2023,11,0
The Last Samurai,2023,12,0
The Last Samurai,2024,1,0
The Last Samurai,2024,2,0
The Last Samurai,2024,3,0
The Last Samurai,2024,4,89278
The Last Samurai,2024,5,0
The Last Samurai,2024,6,0
The Last Samurai,2024,7,72890
The Last Samurai,2024,8,0
The Last Samurai,2024,9,0
The Last Samurai,2024,10,0
The Last Samurai,2024,11,94033
The Last Samurai,2024,12,0
The Last Samurai,2025,1,0
The Last Samurai,2025,2,0
The Last Samurai,2025,3,0
The Last Samurai,2025,4,0
The Last Samurai,2025,5,0
The Last Samurai,2025,6,0
The Last Samurai,2025,7,0
The Last Samurai,2025,8,0
The Last Samurai,2025,9,0
The Last Samurai,2025,10,227381
The Last Samurai,2025,11,0
The Last Samurai,2025,12,0
The Quantum Helix,2020,1,0
The Quantum Helix,2020,2,0
The Quantum Helix,2020,3,0
The Quantum Helix,2020,4,0
The Quantum Helix,2020,5,0
The Quantum Helix,2020,6,0
The Quantum Helix,2020,7,0
The Quantum Helix,2020,8,0
The Quantum Helix,2020,9,0
The Quantum Helix,2020,10,0
The Quantum Helix,2020,11,0
The Quantum Helix,2020,12,0
The Quantum Helix,2021,1,0
The Quantum Helix,2021,2,62552
The Quantum Helix,2021,3,0
The Quantum Helix,2021,4,64941
The Quantum Helix,2021,5,0
The Quantum Helix,2021,6,0
The Quantum Helix,2021,7,0
The Quantum Helix,2021,8,0
The Quantum Helix,2021,9,0
The Quantum Helix,2021,10,128852
The Quantum Helix,2021,11,0
The Quantum Helix,2021,12,120161
The Quantum Helix,2022,1,0
The Quantum Helix,2022,2,0
The Quantum Helix,2022,3,0
The Quantum Helix,2022,4,0
The Quantum Helix,2022,5,0
The Quantum Helix,2022,6,0
The Quantum Helix,2022,7,0
The Quantum Helix,2022,8,0
The Quantum Helix,2022,9,0
The Quantum Helix,2022,10,49289
The Quantum Helix,2022,11,0
The Quantum Helix,2022,12,109334
The Quantum Helix,2023,1,0
The Quantum Helix,2023,2,0
The Quantum Helix,2023,3,125335
The Quantum Helix,2023,4,0
The Quantum Helix,2023,5,0
The Quantum Helix,2023,6,0
The Quantum Helix,2023,7,0
The Quantum Helix,2023,8,0
The Quantum Helix,2023,9,0
The Quantum Helix,2023,10,204619
The Quantum Helix,2023,11,0
The Quantum Helix,2023,12,0
The Quantum Helix,2024,1,0
The Quantum Helix,2024,2,0
The Quantum Helix,2024,3,0
The Quantum Helix,2024,4,179509
The Quantum Helix,2024,5,0
The Quantum Helix,2024,6,140434
The Quantum Helix,2024,7,0
The Quantum Helix,2024,8,0
The Quantum Helix,2024,9,71471
The Quantum Helix,2024,10,0
The Quantum Helix,2024,11,0
The Quantum Helix,2024,12,0
The Quantum Helix,2025,1,0
The Quantum Helix,2025,2,0
The Quantum Helix,2025,3,0
The Quantum Helix,2025,4,0
The Quantum Helix,2025,5,0
The Quantum Helix,2025,6,0
The Quantum Helix,2025,7,66787
The Quantum Helix,2025,8,0
The Quantum Helix,2025,9,0
The Quantum Helix,2025,10,0
The Quantum Helix,2025,11,0
The Quantum Helix,2025,12,0
The Warrior King,2020,1,0
The Warrior King,2020,2,0
The Warrior King,2020,3,0
The Warrior King,2020,4,0
The Warrior King,2020,5,0
The Warrior King,2020,6,0
The Warrior King,2020,7,0
The Warrior King,2020,8,0
The Warrior King,2020,9,0
The Warrior King,2020,10,0
The Warrior King,2020,11,0
The Warrior King,2020,12,0
The Warrior King,2021,1,67016
The Warrior King,2021,2,0
The Warrior King,2021,3,0
The Warrior King,2021,4,0
The Warrior King,2021,5,0
The Warrior King,2021,6,0
The Warrior King,2021,7,0
The Warrior King,2021,8,0
The Warrior King,2021,9,0
The Warrior King,2021,10,196174
The Warrior King,2021,11,0
The Warrior King,2021,12,0
The Warrior King,2022,1,0
The Warrior King,2022,2,156194
The Warrior King,2022,3,97218
The Warrior King,2022,4,0
The Warrior King,2022,5,123240
The Warrior King,2022,6,0
The Warrior King,2022,7,52554
The Warrior King,2022,8,0
The Warrior King,2022,9,0
The Warrior King,2022,10,0
The Warrior King,2022,11,104212
The Warrior King,2022,12,0
The Warrior King,2023,1,47265
The Warrior King,2023,2,0
The Warrior King,2023,3,70916
The Warrior King,2023,4,0
The Warrior King,2023,5,85493
The Warrior King,2023,6,0
The Warrior King,2023,7,0
The Warrior King,2023,8,189039
The Warrior King,2023,9,0
The Warrior King,2023,10,53661
The Warrior King,2023,11,0
The Warrior King,2023,12,0
The Warrior King,2024,1,0
The Warrior King,2024,2,0
The Warrior King,2024,3,0
The Warrior King,2024,4,67821
The Warrior King,2024,5,0
The Warrior King,2024,6,0
The Warrior King,2024,7,0
The Warrior King,2024,8,0
The Warrior King,2024,9,0
The Warrior King,2024,10,0
The Warrior King,2024,11,0
The Warrior King,2024,12,0
The Warrior King,2025,1,0
The Warrior King,2025,2,0
The Warrior King,2025,3,112466
The Warrior King,2025,4,0
The Warrior King,2025,5,0
The Warrior King,2025,6,0
The Warrior King,2025,7,0
The Warrior King,2025,8,116863
The Warrior King,2025,9,0
The Warrior King,2025,10,130547
The Warrior King,2025,11,0
The Warrior King,2025,12,0
Tokyo Drift 2,2020,1,0
Tokyo Drift 2,2020,2,0
Tokyo Drift 2,2020,3,0
Tokyo Drift 2,2020,4,0
Tokyo Drift 2,2020,5,0
Tokyo Drift 2,2020,6,0
Tokyo Drift 2,2020,7,0
Tokyo Drift 2,2020,8,0
Tokyo Drift 2,2020,9,0
Tokyo Drift 2,2020,10,0
Tokyo Drift 2,2020,11,130098
Tokyo Drift 2,2020,12,0
Tokyo Drift 2,2021,1,0
Tokyo Drift 2,2021,2,155842
Tokyo Drift 2,2021,3,0
Tokyo Drift 2,2021,4,0
Tokyo Drift 2,2021,5,0
Tokyo Drift 2,2021,6,91672
Tokyo Drift 2,2021,7,0
Tokyo Drift 2,2021,8,0
Tokyo Drift 2,2021,9,125088
Tokyo Drift 2,2021,10,0
Tokyo Drift 2,2021,11,0
Tokyo Drift 2,2021,12,0
Tokyo Drift 2,2022,1,0
Tokyo Drift 2,2022,2,0
Tokyo Drift 2,2022,3,0
Tokyo Drift 2,2022,4,0
Tokyo Drift 2,2022,5,81243
Tokyo Drift 2,2022,6,0
Tokyo Drift 2,2022,7,0
Tokyo Drift 2,2022,8,0
Tokyo Drift 2,2022,9,0
Tokyo Drift 2,2022,10,0
Tokyo Drift 2,2022,11,0
Tokyo Drift 2,2022,12,0
Tokyo Drift 2,2023,1,0
Tokyo Drift 2,2023,2,0
Tokyo Drift 2,2023,3,0
Tokyo Drift 2,2023,4,0
Tokyo Drift 2,2023,5,0
Tokyo Drift 2,2023,6,0
Tokyo Drift 2,2023,7,0
Tokyo Drift 2,2023,8,0
Tokyo Drift 2,2023,9,0
Tokyo Drift 2,2023,10,0
Tokyo Drift 2,2023,11,0
Tokyo Drift 2,2023,12,105161
Tokyo Drift 2,2024,1,71128
Tokyo Drift 2,2024,2,0
Tokyo Drift 2,2024,3,0
Tokyo Drift 2,2024,4,0
Tokyo Drift 2,2024,5,74809
Tokyo Drift 2,2024,6,0
Tokyo Drift 2,2024,7,0
Tokyo Drift 2,2024,8,79250
Tokyo Drift 2,2024,9,0
Tokyo Drift 2,2024,10,102288
Tokyo Drift 2,2024,11,0
Tokyo Drift 2,2024,12,0
Tokyo Drift 2,2025,1,0
Tokyo Drift 2,2025,2,0
Tokyo Drift 2,2025,3,46523
Tokyo Drift 2,2025,4,0
Tokyo Drift 2,2025,5,0
Tokyo Drift 2,2025,6,0
Tokyo Drift 2,2025,7,0
Tokyo Drift 2,2025,8,0
Tokyo Drift 2,2025,9,0
Tokyo Drift 2,2025,10,0
Tokyo Drift 2,2025,11,0
Tokyo Drift 2,2025,12,0
Urban Chaos,2020,1,0
Urban Chaos,2020,2,0
Urban Chaos,2020,3,0
Urban Chaos,2020,4,0
Urban Chaos,2020,5,0
Urban Chaos,2020,6,0
Urban Chaos,2020,7,0
Urban Chaos,2020,8,0
Urban Chaos,2020,9,0
Urban Chaos,2020,10,0
Urban Chaos,2020,11,0
Urban Chaos,2020,12,0
Urban Chaos,2021,1,0
Urban Chaos,2021,2,0
Urban Chaos,2021,3,0
Urban Chaos,2021,4,0
Urban Chaos,2021,5,0
Urban Chaos,2021,6,0
Urban Chaos,2021,7,0
Urban Chaos,2021,8,0
Urban Chaos,2021,9,118935
Urban Chaos,2021,10,0
Urban Chaos,2021,11,0
Urban Chaos,2021,12,128703
Urban Chaos,2022,1,0
Urban Chaos,2022,2,0
Urban Chaos,2022,3,0
Urban Chaos,2022,4,0
Urban Chaos,2022,5,0
Urban Chaos,2022,6,0
Urban Chaos,2022,7,0
Urban Chaos,2022,8,0
Urban Chaos,2022,9,0
Urban Chaos,2022,10,0
Urban Chaos,2022,11,127670
Urban Chaos,2022,12,76756
Urban Chaos,2023,1,0
Urban Chaos,2023,2,0
Urban Chaos,2023,3,0
Urban Chaos,2023,4,0
Urban Chaos,2023,5,0
Urban Chaos,2023,6,129958
Urban Chaos,2023,7,0
Urban Chaos,2023,8,0
Urban Chaos,2023,9,0
Urban Chaos,2023,10,0
Urban Chaos,2023,11,0
Urban Chaos,2023,12,0
Urban Chaos,2024,1,0
Urban Chaos,2024,2,0
Urban Chaos,2024,3,0
Urban Chaos,2024,4,0
Urban Chaos,2024,5,0
Urban Chaos,2024,6,0
Urban Chaos,2024,7,0
Urban Chaos,2024,8,0
Urban Chaos,2024,9,0
Urban Chaos,2024,10,0
Urban Chaos,2024,11,0
Urban Chaos,2024,12,0
Urban Chaos,2025,1,0
Urban Chaos,2025,2,0
Urban Chaos,2025,3,0
Urban Chaos,2025,4,0
Urban Chaos,2025,5,0
Urban Chaos,2025,6,0
Urban Chaos,2025,7,0
Urban Chaos,2025,8,0
Urban Chaos,2025,9,0
Urban Chaos,2025,10,0
Urban Chaos,2025,11,0
Urban Chaos,2025,12,0
Unknown,2020,1,0
Unknown,2020,2,0
Unknown,2020,3,0
Unknown,2020,4,0
Unknown,2020,5,0
Unknown,2020,6,0
Unknown,2020,7,0
Unknown,2020,8,0
Unknown,2020,9,0
Unknown,2020,10,0
Unknown,2020,11,0
Unknown,2020,12,0
Unknown,2021,1,0
Unknown,2021,2,0
Unknown,2021,3,0
Unknown,2021,4,0
Unknown,2021,5,0
Unknown,2021,6,0
Unknown,2021,7,0
Unknown,2021,8,0
Unknown,2021,9,0
Unknown,2021,10,0
Unknown,2021,11,0
Unknown,2021,12,0
Unknown,2022,1,0
Unknown,2022,2,0
Unknown,2022,3,0
Unknown,2022,4,0
Unknown,2022,5,0
Unknown,2022,6,0
Unknown,2022,7,0
Unknown,2022,8,0
Unknown,2022,9,0
Unknown,2022,10,0
Unknown,2022,11,0
Unknown,2022,12,0
Unknown,2023,1,0
Unknown,2023,2,0
Unknown,2023,3,0
Unknown,2023,4,0
Unknown,2023,5,0
Unknown,2023,6,0
Unknown,2023,7,0
Unknown,2023,8,0
Unknown,2023,9,0
Unknown,2023,10,0
Unknown,2023,11,0
Unknown,2023,12,0
Unknown,2024,1,0
Unknown,2024,2,0
Unknown,2024,3,0
Unknown,2024,4,0
Unknown,2024,5,0
Unknown,2024,6,0
Unknown,2024,7,0
Unknown,2024,8,0
Unknown,2024,9,0
Unknown,2024,10,0
Unknown,2024,11,0
Unknown,2024,12,0
Unknown,2025,1,0
Unknown,2025,2,0
Unknown,2025,3,0
Unknown,2025,4,0
Unknown,2025,5,0
Unknown,2025,6,0
Unknown,2025,7,0
Unknown,2025,8,0
Unknown,2025,9,0
Unknown,2025,10,0
Unknown,2025,11,0
Unknown,2025,12,0
